{
  "samples": 25,
  "success": 25,
  "failed": 0,
  "success_percentage": 100.0,
  "evaluation_time_seconds": 4172.100387600018,
  "evaluation_time": "1h 9m 32s",
  "averages": {
    "faithfulness": 0.9652380952380952,
    "answer_relevancy": 0.8292609459907002,
    "context_precision": 0.9933333332383333,
    "context_recall": 1.0,
    "answer_correctness": 0.9564
  }
}