{
  "samples": 5,
  "success": 5,
  "failed": 0,
  "success_percentage": 100.0,
  "evaluation_time_seconds": 80.62879200000316,
  "evaluation_time": "1m 21s",
  "averages": {
    "faithfulness": 1.0,
    "answer_relevancy": 0.8778014805147419,
    "context_precision": 0.9999999999,
    "context_recall": 1.0,
    "answer_correctness": 0.9339999999999999
  }
}