{
  "samples": 30,
  "success": 30,
  "failed": 0,
  "success_percentage": 100.0,
  "evaluation_time_seconds": 6712.113010500092,
  "evaluation_time": "1h 51m 52s",
  "averages": {
    "faithfulness": 0.7675061975061975,
    "answer_relevancy": 0.7437687174581517,
    "context_precision": 0.5715740740330701,
    "context_recall": 0.8922222222222221,
    "answer_correctness": 0.7046666666666667
  }
}