{
  "samples": 5,
  "success": 5,
  "failed": 0,
  "success_percentage": 100.0,
  "evaluation_time_seconds": 86.82284320000326,
  "evaluation_time": "1m 27s",
  "averages": {
    "faithfulness": 1.0,
    "answer_relevancy": 0.8779523289745408,
    "context_precision": 0.9999999999,
    "context_recall": 1.0,
    "answer_correctness": 0.9339999999999999
  }
}